HIP,Distance,Mag,AbsMag,X,Y,Z,name,Constellation
8832,62.6566416,3.88,-0.104835565,52.0289,28.11122,20.70282,Mesarthim,Aries
8903,18.26817684,2.64,1.331523965,14.98444,8.19007,6.48963,Sheratan,Aries
9884,20.21018593,2.01,0.482148455,15.75753,9.76736,8.04675,Hamal,Aries
13209,48.8997555,3.61,0.163466562,32.0505,29.36453,22.3981,Bharani,Aries
